"","Country","Year","growth","ratio"
"147","Australia",1946,-3.55795148247978,190.419080068143
"148","Australia",1947,2.45947456679709,177.321371355335
"149","Australia",1948,6.43753409710857,148.929810515079
"150","Australia",1949,6.61199384930806,125.828698553949
"151","Australia",1950,6.92020124184758,109.809397999623
"152","Australia",1951,4.27261154812808,87.0944792259533
"153","Australia",1952,0.904651599574291,86.0664381755866
"154","Australia",1953,3.11928028540407,79.8650221084478
"155","Australia",1954,6.21681382650683,76.8467028869713
"156","Australia",1955,5.46208967060355,74.980501949805
"157","Australia",1956,3.44160814276697,71.8182657678456
"158","Australia",1957,2.00301165719032,67.7237634682277
"159","Australia",1958,4.80293215571987,66.0497512437811
"160","Australia",1959,6.15657369066556,62.3884514435696
"161","Australia",1960,4.19121263769575,48.3363802559415
"162","Australia",1961,0.689465883515394,49.3781138268566
"163","Australia",1962,6.24884149466269,50.3307607497244
"164","Australia",1963,6.12556955789991,47.5875309452837
"165","Australia",1964,6.84149961803642,45.0115260488705
"166","Australia",1965,5.10734197378901,43.7390374331551
"167","Australia",1966,2.78306395363856,42.4812330298674
"168","Australia",1967,6.75167346665215,40.5344808881496
"169","Australia",1968,5.87889061543532,39.494266587128
"170","Australia",1969,6.0816970936826,36.8007764249162
"171","Australia",1970,6.35978702888527,34.9635906262412
"172","Australia",1971,4.4488240704244,32.289871721233
"173","Australia",1972,2.80580154976351,30.7217442700466
"174","Australia",1973,5.42113023315571,27.3614668002821
"175","Australia",1974,2.47919495804172,22.3663943990665
"176","Australia",1975,2.70746265275843,23.6368473561689
"177","Australia",1976,4.03105305816382,22.9823490858137
"178","Australia",1977,1.04675690859559,23.6389103162681
"179","Australia",1978,2.90108207056801,24.7328917511093
"180","Australia",1979,5.26597479916813,20.8721951141215
"181","Australia",1980,1.99840205311963,19.1240875912409
"182","Australia",1981,4.15575163781792,16.1768449812164
"183","Australia",1982,-0.0097400067530673,15.043615122865
"184","Australia",1983,-0.526011598231046,17.5796955772545
"185","Australia",1984,6.41449981176707,20.062923963846
"186","Australia",1985,5.71619626431963,21.4240170031881
"187","Australia",1986,2.11057959212098,21.4917077070434
"188","Australia",1987,4.39628095885791,19.9939123512373
"189","Australia",1988,4.03041273124836,16.2935934114077
"190","Australia",1989,4.57494906645084,12.4983297658004
"191","Australia",1990,1.60443952202081,10.3312013888377
"192","Australia",1991,-1.25011696760859,9.30832139271476
"193","Australia",1992,2.11228737481879,10.8657169152173
"194","Australia",1993,3.89721181178508,13.8149624320372
"195","Australia",1994,5.01353866982568,15.9184748817064
"196","Australia",1995,3.48883188817115,18.3834558684011
"197","Australia",1996,4.28160704089695,17.775323368892
"198","Australia",1997,3.99699685997652,17.4123245735034
"199","Australia",1998,5.05137931080328,14.5861376950489
"200","Australia",1999,4.40172373425132,13.2160492638041
"201","Australia",2000,3.42612964814983,11.1060178708496
"202","Australia",2001,2.08934021575549,9.23978259677442
"203","Australia",2002,4.24734849267636,8.22777792501693
"204","Australia",2003,2.96593976491422,7.0313350387233
"205","Australia",2004,3.84227864889726,6.27135095137178
"206","Australia",2005,2.75919465465262,5.89201334254395
"207","Australia",2006,2.84037203390766,5.39256636274764
"208","Australia",2007,4.04878029762532,4.90543010344605
"209","Australia",2008,2.35422396414895,4.67788706633923
"210","Australia",2009,0.732249739168633,8.41826984160015
"290","Austria",1948,27.3291925465839,35.2022832901837
"291","Austria",1949,18.9024390243902,26.4481413713405
"292","Austria",1950,12.4089618396898,22.1443982123594
"293","Austria",1951,6.83993463543693,15.2643312101911
"294","Austria",1952,0.0873998543335697,13.5804012249234
"295","Austria",1953,4.35162276233445,16.5658058965379
"296","Austria",1954,10.2196652719665,14.268099837593
"297","Austria",1955,11.0531144221948,11.8947319303812
"298","Austria",1956,6.87936191425722,10.9238191123416
"299","Austria",1957,6.12473347547975,8.30426907365725
"300","Austria",1958,3.65161484755638,11.5927580736709
"301","Austria",1959,2.84212056600117,13.5199043225696
"302","Austria",1960,8.23182942631642,13.5685102264583
"303","Austria",1961,5.30921439299941,12.3920535956318
"304","Austria",1962,2.42258878002397,11.9662696452802
"305","Austria",1963,4.07063572149344,12.0886170587356
"306","Austria",1964,6.00190044020401,12.0436604189636
"307","Austria",1965,2.87585525593648,11.4713995943205
"308","Austria",1966,5.62826759611623,10.9782892041858
"309","Austria",1967,3.04045522651897,12.1070690802143
"310","Austria",1968,4.44408136590149,12.9842914874202
"311","Austria",1969,6.28861947594839,13.0161194029851
"312","Austria",1970,7.12340863934064,10.58343806534
"313","Austria",1971,5.11231709830322,9.27693842047567
"314","Austria",1972,6.20866337280737,8.93824105932645
"315","Austria",1973,4.88702372747858,9.18619339405649
"316","Austria",1974,3.94358595280839,8.87589068335031
"317","Austria",1975,-0.362351560030705,12.7993524050479
"318","Austria",1976,4.57702199009822,15.181059141509
"319","Austria",1977,4.67678507588807,16.4255142061757
"320","Austria",1978,-0.363263785394929,18.8560477240556
"321","Austria",1979,5.4553197677438,23.5881780132418
"322","Austria",1980,2.31371583353854,25.2011471361428
"323","Austria",1981,-0.0991585959912999,26.7622848590671
"324","Austria",1982,1.90708386736178,28.8423107310499
"325","Austria",1983,2.8047281323877,32.9775287024216
"326","Austria",1984,0.332057838772593,35.4582749130186
"327","Austria",1985,2.24428614648369,37.6409144659046
"328","Austria",1986,2.34028244788165,42.0278441850654
"329","Austria",1987,1.68046611468875,45.7718944982708
"330","Austria",1988,3.16837996432664,45.7598961056484
"331","Austria",1989,4.22701077424203,45.8473934844997
"332","Austria",1990,4.55561699160998,45.9691806215266
"333","Austria",1991,3.59675495876637,46.6508765564782
"334","Austria",1992,2.36143295741207,46.7494990499783
"335","Austria",1993,0.333181736954802,50.591228951998
"336","Austria",1994,2.66091098158647,53.3303395006287
"337","Austria",1995,1.9099047885538,55.8698378700326
"338","Austria",1996,2.61911893401643,56.3491534832084
"339","Austria",1997,1.83950112453499,58.4586875953782
"340","Austria",1998,3.59049751920215,58.4765078516749
"341","Austria",1999,3.29256580997628,59.5891483440163
"342","Austria",2000,3.36678775937442,58.1634373991105
"343","Austria",2001,0.813686129212887,57.1357982861096
"344","Austria",2002,0.892793836118266,56.6388543646732
"345","Austria",2003,1.17595385201019,56.8190163993157
"346","Austria",2004,2.33383305453134,58.2308769578404
"347","Austria",2005,2.07358805396081,58.0204035552271
"348","Austria",2006,3.24668487928139,56.7082549324256
"469","Belgium",1947,15.2163021098959,98.6420596715163
"470","Belgium",1948,11.4405542270448,74.2405108230686
"471","Belgium",1949,-1.30662891505271,78.254068488458
"472","Belgium",1950,5.64131712126092,73.6828782387758
"473","Belgium",1951,7.03306260536798,64.4716690155447
"474","Belgium",1952,-0.429523563443024,66.2538635395038
"475","Belgium",1953,2.93107749773374,68.4600946012561
"476","Belgium",1954,-1.26872534974621,69.861413809551
"477","Belgium",1955,5.1495118189969,68.624334910861
"478","Belgium",1956,2.43215983118605,65.8899767320878
"479","Belgium",1957,3.04613687710755,62.8383073130984
"480","Belgium",1958,-1.49460344449001,67.1685950209826
"481","Belgium",1959,2.58742235278915,70.2802145989955
"482","Belgium",1960,6.42816207486305,69.6691915999035
"483","Belgium",1961,4.96358672125783,67.975231038115
"484","Belgium",1962,4.6009621371027,65.6615735000196
"485","Belgium",1963,6.18462526609342,63.8501042554893
"486","Belgium",1964,7.15104365969566,59.3687226097245
"487","Belgium",1965,3.44247406431457,57.6987047294925
"488","Belgium",1966,3.75867346389342,55.3326048982581
"489","Belgium",1967,3.34511073859325,54.07677150131
"490","Belgium",1968,5.20399101478668,54.7940206191001
"491","Belgium",1969,7.52912071364304,52.2178640693992
"492","Belgium",1970,5.09117765248648,48.3278922388961
"493","Belgium",1971,4.90975836691772,45.4831628028969
"494","Belgium",1972,6.32754754290181,44.8098054272241
"495","Belgium",1973,7.40209760381718,42.1708778814453
"496","Belgium",1974,3.12869266106497,38.6826658137517
"497","Belgium",1975,-2.89670245254842,39.6338031655435
"498","Belgium",1976,5.71506251165117,39.3842310848093
"499","Belgium",1977,1.11662664694456,42.2090393642698
"500","Belgium",1978,3.0823595623346,45.5343037364714
"501","Belgium",1979,2.94325276213523,49.233083362051
"502","Belgium",1980,4.00784092782485,55.2451454928535
"503","Belgium",1981,0.146065956894303,65.4015056461731
"504","Belgium",1982,0.580710681835361,76.4467147155552
"505","Belgium",1983,0.397437067988582,86.8510870999981
"506","Belgium",1984,2.10182257814298,92.555985502425
"507","Belgium",1985,1.84740807494419,100.131504327314
"508","Belgium",1986,1.85350947589358,105.440985987361
"509","Belgium",1987,2.37334020233242,109.764299609428
"510","Belgium",1988,4.56559277714736,111.297254193512
"511","Belgium",1989,3.61793681349791,109.349007070077
"512","Belgium",1990,3.08999508223595,109.829822463435
"513","Belgium",1991,1.80036926121256,112.519764350382
"514","Belgium",1992,1.33160356482727,114.815125252153
"515","Belgium",1993,-0.692377849047066,121.692222787331
"516","Belgium",1994,3.29156713779395,118.74486905837
"517","Belgium",1995,4.2774252796794,117.027231879678
"518","Belgium",1996,0.890287301796988,112.840123965767
"519","Belgium",1997,3.68724482305749,109.890462606746
"520","Belgium",1998,1.73003627680581,105.341932449616
"521","Belgium",1999,3.37978897477853,103.64025066362
"522","Belgium",2000,3.7958010406433,99.7247312853023
"523","Belgium",2001,0.765261408810147,99.3321565279865
"524","Belgium",2002,1.49489467550314,98.1865130079296
"525","Belgium",2003,1.01322401299779,95.7344815788133
"526","Belgium",2004,2.78250955215169,93.3498039785605
"527","Belgium",2005,2.17036758248652,91.8412530566387
"528","Belgium",2006,3.0151354565195,87.3893909404868
"529","Belgium",2007,2.59878357480952,85.3413834494867
"530","Belgium",2008,0.969158147042992,90.3730581698605
"531","Belgium",2009,-3.18236045758165,96.6109967026557
"614","Canada",1946,-1.026045777427,135.913406760349
"615","Canada",1947,4.42583732057418,117.030423280423
"616","Canada",1948,1.83276059564719,105.182647004834
"617","Canada",1949,2.17472815898014,124.016987625394
"618","Canada",1950,7.37591976970153,110.96662907185
"619","Canada",1951,5.67323127520458,89.0913935518252
"620","Canada",1952,7.27676917376807,81.1257958711171
"621","Canada",1953,4.67292947433862,82.6012468471898
"622","Canada",1954,-0.691259445012704,77.0121496556867
"623","Canada",1955,9.3388155162389,72.3329763571958
"624","Canada",1956,8.08991666223515,68.0868108659238
"625","Canada",1957,2.89565791878101,61.4127461706783
"626","Canada",1958,1.78890998756847,61.7317766288903
"627","Canada",1959,4.05379107642547,63.660443181084
"628","Canada",1960,3.10714423907856,61.7066973198621
"629","Canada",1961,2.95096322241681,53.1634603134157
"630","Canada",1962,7.00616046367513,53.8479725735903
"631","Canada",1963,5.05933117583603,53.6431527999825
"632","Canada",1964,6.51585324333526,52.0761314419677
"633","Canada",1965,6.64897665120905,48.0726517159848
"634","Canada",1966,6.48373239202105,50.8310579266617
"635","Canada",1967,3.04469423496194,49.9899497487437
"636","Canada",1968,5.22703525300567,50.2086274509804
"637","Canada",1969,5.27146347593561,49.4900458094442
"638","Canada",1970,2.58359197955358,44.8439475693879
"639","Canada",1971,5.56890933925478,44.8123000953931
"640","Canada",1972,5.28381533390676,44.4708655976262
"641","Canada",1973,7.16134480320205,41.3144154775954
"642","Canada",1974,4.08487519860592,37.8146920527249
"643","Canada",1975,2.25926974591295,37.0707858670361
"644","Canada",1976,5.47688770243386,36.2769391186171
"645","Canada",1977,3.3606587781446,36.4090595827329
"646","Canada",1978,4.04394815663431,34.1403254223236
"647","Canada",1979,4.15687169336736,37.7637566843413
"648","Canada",1980,1.33813598396173,35.1483009107144
"649","Canada",1981,1.5475053130301,35.3812214717857
"650","Canada",1982,0.124993519921213,36.2000075153124
"651","Canada",1983,3.866893713637,39.030610519195
"652","Canada",1984,5.89410368083774,41.9736251042803
"653","Canada",1985,5.35402951350146,45.3476626987575
"654","Canada",1986,4.0375523145842,49.753106098691
"655","Canada",1987,1.78001352049946,51.0987096763836
"656","Canada",1988,-0.172848825260929,53.6587161253418
"657","Canada",1989,0.997558549031363,54.6146648825547
"658","Canada",1990,1.9275140029591,55.223246117385
"659","Canada",1991,3.10462896148147,57.3084345394707
"660","Canada",1992,3.5231049814781,59.7134880360811
"661","Canada",1993,2.78663707893585,61.3573709556398
"662","Canada",1994,5.05138434156795,63.4501812686759
"663","Canada",1995,4.18634907398121,63.1602322147637
"664","Canada",1996,5.09976633590639,61.4661322955692
"665","Canada",1997,5.39264034704545,58.1786665237049
"666","Canada",1998,2.68278349077422,56.6246623873163
"667","Canada",1999,2.02577059008238,52.2713091427973
"668","Canada",2000,3.25356799462169,43.7614431152278
"669","Canada",2001,1.99015413560657,41.9613635328488
"670","Canada",2002,1.5020556300011,41.8013326285151
"671","Canada",2003,1.01352403424735,39.5047150574403
"672","Canada",2004,3.86412636417943,36.0766247475675
"673","Canada",2005,2.73920744287439,32.1843327919742
"674","Canada",2006,2.28088854199129,28.6955736558667
"675","Canada",2007,3.13409178573727,27.1732590871763
"676","Canada",2008,2.13213029844797,23.3247786777171
"677","Canada",2009,-1.90667609190309,30.2371908535509
"749","Denmark",1950,7.9458545282729,46.3390207715134
"750","Denmark",1951,0.667700816078765,41.0852746682802
"751","Denmark",1952,0.978158917325467,38.7250769978927
"752","Denmark",1953,5.68935774946921,36.1387711864407
"753","Denmark",1954,1.94293606202329,29.3954159898935
"754","Denmark",1955,1.07765256481311,29.8409405255878
"755","Denmark",1956,1.20933349579626,28.6074557858321
"756","Denmark",1957,7.58765989465764,27.085488287192
"757","Denmark",1958,2.25200022380125,26.1473500291206
"758","Denmark",1959,7.43892095975487,23.1199453838882
"759","Denmark",1960,2.79348102877515,19.9259549845535
"760","Denmark",1961,6.33933658681596,16.4043318133988
"761","Denmark",1962,5.51879979499603,15.0816354330862
"762","Denmark",1963,0.627000772712227,13.4740798054604
"763","Denmark",1964,9.35518550209526,10.7544037776596
"764","Denmark",1965,4.56232570270649,7.86657101865136
"765","Denmark",1966,2.72847631291133,6.09621601064841
"766","Denmark",1967,3.36203515194531,5.81973438902571
"767","Denmark",1968,4.10921773071433,5.29299981409952
"768","Denmark",1969,6.37009008383524,4.75241425543094
"769","Denmark",1970,2.0250314116476,4.80666104484088
"770","Denmark",1971,2.66617618834368,5.01722684726515
"771","Denmark",1972,5.27644062251718,5.28447171378354
"772","Denmark",1973,3.63135931812129,4.9619713171115
"773","Denmark",1974,-0.93243088873658,4.56084465280282
"774","Denmark",1975,-0.660142117931939,4.33788012409292
"779","Denmark",1980,-0.441574352953189,34.973
"780","Denmark",1981,-0.886903820235196,45.433
"781","Denmark",1982,3.71398274413535,58.548
"782","Denmark",1983,2.65185724255999,70.274
"783","Denmark",1984,4.16557709897225,72.979
"784","Denmark",1985,4.02443446486849,70.83
"785","Denmark",1986,4.94924089258804,67.731
"786","Denmark",1987,0.289936831175419,64.852
"787","Denmark",1988,-0.142664109582336,62.68
"788","Denmark",1989,0.572900402683452,61.198
"789","Denmark",1990,1.60744363496155,62.5231963913552
"790","Denmark",1991,1.3004028432706,63.44047037672
"791","Denmark",1992,1.97544568041923,67.9575775291062
"792","Denmark",1993,-0.089613444143366,79.819348131023
"793","Denmark",1994,5.52541034681611,76.8006387258239
"794","Denmark",1995,3.06522333127333,75.5242560370363
"795","Denmark",1996,2.83456637237425,73.736079813743
"796","Denmark",1997,3.19850784746962,69.0540492519811
"797","Denmark",1998,2.16039085042494,63.998556229697
"798","Denmark",1999,2.56044153523098,60.8667705011249
"799","Denmark",2000,3.52871521610421,54.9630591362948
"800","Denmark",2001,0.70488823491226,52.0211738456585
"801","Denmark",2002,0.465817655793743,51.6193889593077
"802","Denmark",2003,0.383758989577254,49.6112630203685
"803","Denmark",2004,2.29649081289534,46.9587635897366
"804","Denmark",2005,2.44518019368338,39.291769669829
"805","Denmark",2006,3.34395609741576,32.8030921694922
"806","Denmark",2007,1.64654303249172,27.8858219433731
"807","Denmark",2008,-1.20182205264322,32.4331133081601
"808","Denmark",2009,-2.43302295546245,37.7215008421631
"896","Finland",1946,8.13212396862522,70.6218911105576
"897","Finland",1947,2.32452789269391,52.548021508629
"898","Finland",1948,7.92871380455418,39.0101447141395
"899","Finland",1949,6.06683871051092,26.6428356663214
"900","Finland",1950,3.84458209726957,25.4752672148266
"901","Finland",1951,8.50390006451234,19.167778218019
"902","Finland",1952,3.35117020701583,13.1233409815295
"903","Finland",1953,0.700800167355253,18.3102996468826
"904","Finland",1954,8.75616722929109,18.9462011473597
"905","Finland",1955,5.09526765674992,17.0404895494554
"906","Finland",1956,3.02162849872774,16.5914762117231
"907","Finland",1957,4.70162748643761,16.8892077962182
"908","Finland",1958,0.539197101815581,16.0643620533617
"909","Finland",1959,5.94125780366197,15.0504656076173
"910","Finland",1960,9.14771603717619,12.7940491025141
"911","Finland",1961,7.62011739981159,10.1285688416732
"912","Finland",1962,3.11774014342951,11.5164884891679
"913","Finland",1963,3.29447872791981,13.4411370892986
"914","Finland",1964,5.05436844101657,13.6303825037434
"915","Finland",1965,5.3166842184444,14.2290858039475
"916","Finland",1966,2.40271984458031,15.183711316308
"917","Finland",1967,2.11198839382865,15.8295227207774
"918","Finland",1968,2.30054644808744,15.6878140703518
"919","Finland",1969,9.63089578548155,12.0849716033202
"920","Finland",1970,7.4693042291951,10.2244510443546
"921","Finland",1971,2.09003944326065,8.89012579316487
"922","Finland",1972,7.63167243982592,7.34116747874272
"923","Finland",1973,6.70682648072123,4.94365115440681
"924","Finland",1974,3.02954141211043,3.2791095890411
"925","Finland",1975,1.15216453059617,3.68255273225358
"926","Finland",1976,-0.42482144513496,4.26087141496753
"927","Finland",1977,0.245919964229824,5.68524942656668
"928","Finland",1978,2.09262563187631,8.35270147379773
"929","Finland",1979,6.95743983689519,8.97594481919356
"930","Finland",1980,5.33392334399891,9.21149763217859
"931","Finland",1981,1.26938826157093,10.0085949515969
"932","Finland",1982,3.02402803474937,12.2069650490138
"933","Finland",1983,2.9471580975488,13.7862765915818
"934","Finland",1984,3.04416640672835,14.3038239004488
"935","Finland",1985,3.2804897190394,13.9456033229433
"936","Finland",1986,2.62592270950934,14.4540509109854
"937","Finland",1987,3.5583198468357,14.9802802519537
"938","Finland",1988,5.10096728394431,13.0988493152301
"939","Finland",1989,5.4151238617258,10.7089186194388
"940","Finland",1990,0.082051092938995,10.3190258131186
"941","Finland",1991,-6.24366697986329,16.9008721725783
"942","Finland",1992,-3.73550795834152,33.9589110467732
"943","Finland",1993,-0.920614831901034,51.7915881457805
"944","Finland",1994,3.57348881288888,58.8485874837126
"945","Finland",1995,3.92361629121289,62.6834884720393
"946","Finland",1996,3.6998755861805,66.6146411366792
"947","Finland",1997,6.19993355236443,64.8564554761874
"948","Finland",1998,5.22533326381285,59.6243091883713
"949","Finland",1999,3.92114760461486,55.4688746841301
"950","Finland",2000,5.05662176659911,47.8342874320546
"951","Finland",2001,2.70503335905232,44.1808536376166
"952","Finland",2002,1.5732025277299,41.2028308840505
"953","Finland",2003,1.81060111667029,43.4308297846875
"954","Finland",2004,3.69639690328829,41.9241301275364
"955","Finland",2005,2.76791417405577,38.227534558948
"956","Finland",2006,4.92290829863593,35.2645813610087
"957","Finland",2007,4.20273515379666,31.2081253784266
"958","Finland",2008,1.04101081355332,29.4389589017366
"959","Finland",2009,-6.35594758430433,33.4194776931447
"1096","France",1950,7.49400479616307,27.4198898693027
"1097","France",1951,6.13496932515338,22.8435917932321
"1098","France",1952,2.62743037309512,23.4974918001158
"1099","France",1953,2.91858678955452,25.7816589730167
"1100","France",1954,4.82587064676616,24.7686302030791
"1101","France",1955,5.79022306597059,23.7004695609194
"1102","France",1956,5.02467474203678,23.1956885878669
"1103","France",1957,6.02306706535669,24.0700218818381
"1104","France",1958,2.5382755842063,27.2948265826685
"1105","France",1959,2.82907662082514,27.1464564894373
"1106","France",1960,7.06916316392816,22.0902655938048
"1107","France",1961,5.49607423269094,19.3084469359154
"1108","France",1962,6.63058186738834,20.3955550301454
"1109","France",1963,5.48857868020305,19.6609798296139
"1110","France",1964,6.49624060150376,17.4770532840625
"1111","France",1965,4.6879412595312,15.2158415132192
"1112","France",1966,5.3142702994335,14.6689512360498
"1113","France",1967,4.58504098360657,15.1809045226131
"1114","France",1968,4.35953955424933,15.2721568627451
"1115","France",1969,6.94672612062894,14.5286525108761
"1116","France",1970,5.79328505595786,12.3710204439325
"1117","France",1971,5.37232939224226,10.7705515964312
"1118","France",1972,5.88582677165355,8.75790094099953
"1125","France",1979,3.30603579011224,31.1153032426806
"1126","France",1980,1.07163828537873,29.5203655568196
"1127","France",1981,1.5475053130301,30.5132376457416
"1128","France",1982,0.124993519921213,36.4492653782081
"1129","France",1983,3.866893713637,38.333615198151
"1130","France",1984,5.89410368083774,40.3885644612719
"1131","France",1985,5.35402951350146,41.2177426361978
"1132","France",1986,4.0375523145842,43.6684282343627
"1133","France",1987,1.78001352049946,45.1460745231325
"1134","France",1988,-0.172848825260929,46.4365186106464
"1135","France",1989,0.997558549031363,47.9036924505333
"1136","France",1990,1.9275140029591,49.3823807033866
"1137","France",1991,3.10462896148147,49.6437535370046
"1138","France",1992,3.5231049814781,55.1978267031558
"1139","France",1993,2.78663707893585,61.4817898668372
"1140","France",1994,5.05138434156795,64.8607314925023
"1141","France",1995,4.18634907398121,70.2537636323358
"1142","France",1996,5.09976633590639,68.9067657963775
"1143","France",1997,5.39264034704545,67.1295055308351
"1144","France",1998,2.68278349077422,68.97821740503
"1145","France",1999,2.02577059008238,64.856541683126
"1146","France",2000,3.25356799462169,55.7910939483136
"1147","France",2001,1.99015413560657,55.4106019298714
"1148","France",2002,1.5020556300011,59.4461956131592
"1149","France",2003,1.01352403424735,62.9552712648149
"1150","France",2004,3.86412636417943,61.7828621259409
"1151","France",2005,2.73920744287439,58.8676685237341
"1152","France",2006,2.28088854199129,53.246711150831
"1153","France",2007,3.13409178573727,53.0848312114918
"1154","France",2008,2.13213029844797,51.5673070885917
"1155","France",2009,-1.90667609190309,60.0015126431759
"1258","Germany",1951,9.16699955531102,6.05570594801258
"1259","Germany",1952,8.66994155599818,6.30451073414595
"1260","Germany",1953,8.37245944967184,7.317731928861
"1261","Germany",1954,7.45537153744686,11.2503461644974
"1262","Germany",1955,11.0037535735329,11.1421697590695
"1263","Germany",1956,7.16697548916008,10.0248557452743
"1264","Germany",1957,5.72937448118032,9.1284086924142
"1265","Germany",1958,4.45224271316131,9.30541820664288
"1266","Germany",1959,7.31355339192981,8.9043369588565
"1267","Germany",1960,8.06101145270799,8.66384165083684
"1268","Germany",1961,4.11920169316111,9.43705601600525
"1269","Germany",1962,4.265787541252,8.34805536386951
"1270","Germany",1963,2.81877379216615,8.37921036160891
"1271","Germany",1964,6.07829549136805,8.15317533566623
"1272","Germany",1965,5.06976694950496,7.64062919514295
"1273","Germany",1966,2.9641708813209,7.82011019537843
"1274","Germany",1967,0.309899593649932,9.37943742371787
"1275","Germany",1968,5.27487075152242,9.49325447456669
"1276","Germany",1969,6.61144225461736,8.41111707489494
"1277","Germany",1970,4.67997665785127,6.76650403022963
"1278","Germany",1971,2.94317538900941,6.37118047730386
"1279","Germany",1972,4.12735319160704,6.39365382879032
"1280","Germany",1973,4.53847847663982,6.00798691904875
"1281","Germany",1974,0.827304433424536,6.74876459586687
"1282","Germany",1975,-0.544631318820332,9.94539109161556
"1283","Germany",1976,4.82898679836983,10.7298562015137
"1284","Germany",1977,2.87756310339411,11.8767476374934
"1285","Germany",1978,2.8084290062738,13.2706983863361
"1286","Germany",1979,4.01854905350703,13.9685677390097
"1287","Germany",1980,1.1425799572585,14.9140255884604
"1288","Germany",1981,0.110299330592034,16.6507727472261
"1289","Germany",1982,-0.78816639681305,18.3327817223677
"1290","Germany",1983,1.55466809928657,19.4485322481045
"1291","Germany",1984,2.82608727820501,19.8407853936151
"1292","Germany",1985,2.19228469480488,20.3776736681143
"1293","Germany",1986,2.41731919217096,20.3831727941531
"1294","Germany",1987,1.46935582225283,21.1429908356589
"1295","Germany",1988,3.73561271474219,21.6240219113926
"1296","Germany",1989,3.91302416837132,20.8884834827732
"1297","Germany",1990,5.72342998509119,21.2141017144239
"1298","Germany",1991,5.0114026576872,19.5229811096912
"1299","Germany",1992,2.3058166544853,18.8385837028882
"1300","Germany",1993,-0.788782837360436,20.6802503962829
"1301","Germany",1994,2.62606577072946,20.4573449196517
"1302","Germany",1995,1.83943279988479,20.8661536597189
"1303","Germany",1996,0.95156314125775,22.7057056986631
"1304","Germany",1997,1.71199980545458,23.9979461057394
"1305","Germany",1998,1.97736662624683,24.8297988521713
"1306","Germany",1999,1.93168560720931,35.2037773359841
"1307","Germany",2000,3.22428380777804,34.6957525291027
"1308","Germany",2001,1.15079441968611,32.9979886512095
"1309","Germany",2002,0.00627347464772221,33.566908123817
"1310","Germany",2003,-0.231146278674221,35.4798912559978
"1311","Germany",2004,1.17621592148835,36.7327262586595
"1312","Germany",2005,0.732079771647265,39.5084506690015
"1313","Germany",2006,3.17589864175314,39.5826354190004
"1314","Germany",2007,2.51648229260428,38.7113087884029
"1315","Germany",2008,1.24810326772242,38.7129177017389
"1316","Germany",2009,-5.29683377308706,43.7187693666007
"1455","Greece",1970,7.95492735000494,18.8221009686825
"1456","Greece",1971,7.117874343057,19.0047897817988
"1457","Greece",1972,12.4435858862144,20.1204135162908
"1458","Greece",1973,3.92246294184722,16.5557215479879
"1459","Greece",1974,-3.63835856923415,17.4779943666804
"1460","Greece",1975,6.04997874536952,18.1763215075376
"1461","Greece",1976,6.36049990694745,20.804360217315
"1462","Greece",1977,3.42817917519114,23.2328527741372
"1463","Greece",1978,6.69677133896387,23.6519871106337
"1464","Greece",1979,3.69073900157337,23.133294864397
"1465","Greece",1980,0.677,24.5926851540347
"1466","Greece",1981,-1.554,28.7738879074996
"1467","Greece",1982,-1.133,29.6342415296343
"1468","Greece",1983,-1.079,33.9595881339597
"1469","Greece",1984,2.011,40.5032480405034
"1470","Greece",1985,2.51,47.1326280471326
"1471","Greece",1986,0.518,47.6600399476601
"1472","Greece",1987,-2.259,52.9877776529878
"1473","Greece",1988,4.288,62.6631447626631
"1474","Greece",1989,3.8,65.8402954658403
"1475","Greece",1990,0,89.0668403890665
"1476","Greece",1991,3.1,91.1247685911246
"1477","Greece",1992,0.7,97.6096436976097
"1478","Greece",1993,-1.6,97.608
"1479","Greece",1994,2,103.197
"1480","Greece",1995,2.1,104.806
"1481","Greece",1996,2.358,108.105
"1482","Greece",1997,3.638,105.22
"1483","Greece",1998,3.364,103.746
"1484","Greece",1999,3.42,103.561
"1485","Greece",2000,4.477,108.926
"1486","Greece",2001,4.197,109.684
"1487","Greece",2002,3.439,109.199
"1488","Greece",2003,5.582,106.407
"1489","Greece",2004,4.916,108.282
"1490","Greece",2005,2.898,108.991
"1491","Greece",2006,4.497,106.103
"1492","Greece",2007,4.036,105.03
"1493","Greece",2008,2.933,107.872
"1494","Greece",2009,-0.753,100
"1522","Ireland",1947,1.89473684210526,20.5905307280461
"1523","Ireland",1948,4.86080904741193,21.0170885096575
"1524","Ireland",1949,5.23695945245255,27.5432299601484
"1525","Ireland",1950,0.817895151754033,37.6844792872976
"1526","Ireland",1951,2.51197341413352,45.6064146326273
"1527","Ireland",1952,2.52669717772693,47.4288654525344
"1528","Ireland",1953,2.6969217892681,49.2227567919465
"1529","Ireland",1954,0.896495517522422,55.9834263754685
"1530","Ireland",1955,2.60276431520374,63.8198680452563
"1531","Ireland",1956,-1.30335899230231,67.314450614523
"1532","Ireland",1957,-0.150669148276172,70.1491638047529
"1533","Ireland",1958,-2.05929344931652,72.7942308145605
"1534","Ireland",1959,4.05111473626971,70.3366964550564
"1535","Ireland",1960,5.6266875707691,73.6390811340418
"1536","Ireland",1961,4.77447019048405,73.6603885469678
"1537","Ireland",1962,3.2583031638596,73.5131248214337
"1538","Ireland",1963,4.73323170731708,74.4750652901391
"1539","Ireland",1964,3.91529000800523,70.8895015357935
"1540","Ireland",1965,1.74381959520975,73.4183639530615
"1541","Ireland",1966,0.853524229074898,78.0546382467727
"1542","Ireland",1967,5.93093093093093,76.9729581656609
"1543","Ireland",1968,8.26621996005412,66.1047656159066
"1544","Ireland",1969,6.01642466079504,63.585673342706
"1545","Ireland",1970,2.66067920291888,62.2374887343343
"1546","Ireland",1971,3.46656460167314,59.6729463517261
"1547","Ireland",1972,6.48945727421657,55.8825537341722
"1548","Ireland",1973,4.72433129869485,52.0617641838727
"1549","Ireland",1974,4.26005781168555,65.4591739873774
"1550","Ireland",1975,5.65403145168621,72.3595163044641
"1551","Ireland",1976,1.39808999397746,77.6392916087447
"1552","Ireland",1977,8.20924016800306,74.1439815635722
"1553","Ireland",1978,7.19046498863012,76.4719183367095
"1554","Ireland",1979,3.07242136064374,82.6061853569793
"1555","Ireland",1980,2.9,84.3512099678799
"1556","Ireland",1981,2.5,89.752758709987
"1557","Ireland",1982,1.5,87.2017319110256
"1558","Ireland",1983,-0.7,96.4919028905489
"1559","Ireland",1984,3.2,101.60412646234
"1560","Ireland",1985,1.9,102.963176069486
"1561","Ireland",1986,0.4,109.678571315794
"1562","Ireland",1987,3.6,112.430132889981
"1563","Ireland",1988,3,108.334249118853
"1564","Ireland",1989,5.6,97.6786350906523
"1565","Ireland",1990,7.7,87.7093696651545
"1566","Ireland",1991,1.6,85.5213568914452
"1567","Ireland",1992,3.6,83.5548723955984
"1568","Ireland",1993,2.3,83.2707730987993
"1569","Ireland",1994,5.9,79.8014970554409
"1570","Ireland",1995,9.6,72.9536573293796
"1571","Ireland",1996,8.1,65.5486447104508
"1572","Ireland",1997,11.5,58.165691493955
"1573","Ireland",1998,8.4,48.7628763373456
"1574","Ireland",1999,10.7,43.9785064844018
"1575","Ireland",2000,9.4,34.8296542110365
"1576","Ireland",2001,5.7,30.9440061610583
"1577","Ireland",2002,6.5,27.9144673880316
"1578","Ireland",2003,4.4,26.9106308189293
"1579","Ireland",2004,4.6,25.3833519282964
"1580","Ireland",2005,6.2,23.5559104674034
"1581","Ireland",2006,5.4,20.3197610884445
"1582","Ireland",2007,6,19.7938425892705
"1583","Ireland",2008,-3,27.7191815575867
"1584","Ireland",2009,-7.5,44.3713662790698
"1658","Italy",1951,7.46558193953575,26.5700708162505
"1659","Italy",1952,7.4851076312108,26.8738115816768
"1660","Italy",1953,7.21472019145486,26.7213755373193
"1661","Italy",1954,5.18679511278195,28.6489658207423
"1662","Italy",1955,5.8194188492396,28.3222458754657
"1663","Italy",1956,4.53408036448553,27.9645476772616
"1664","Italy",1957,5.90368491243127,27.5308852832337
"1665","Italy",1958,5.34695628684474,27.0056197646061
"1666","Italy",1959,6.22756342574438,26.6992860352489
"1667","Italy",1960,5.42194549656203,24.6977205153617
"1668","Italy",1961,8.42175088642034,21.7431228206122
"1669","Italy",1962,7.79708812641309,20.759707566039
"1670","Italy",1963,7.12306034606942,18.2679512268553
"1671","Italy",1964,3.90267386007284,17.9521452145215
"1672","Italy",1965,2.24857829903218,17.8626929761783
"1673","Italy",1966,5.21973570958432,16.6599713776394
"1674","Italy",1967,7.11988047319909,14.2633451957295
"1675","Italy",1968,8.36193265533474,16.0459770114943
"1676","Italy",1969,5.71837782042939,15.9934235976789
"1677","Italy",1970,2.24585384598794,14.4022663562856
"1678","Italy",1971,1.89432144596611,16.3769757384699
"1679","Italy",1972,2.92593882025274,18.6433600775778
"1680","Italy",1973,6.54193475251996,20.1985997393275
"1681","Italy",1974,4.68961564269204,22.6748078607267
"1682","Italy",1975,-2.14641662841781,27.6369806501603
"1683","Italy",1976,6.49824272212227,29.992172412611
"1684","Italy",1977,2.88971697415756,32.7933728055531
"1685","Italy",1978,3.72813052278829,46.6471860347054
"1686","Italy",1979,5.67285782925124,45.7606465691847
"1687","Italy",1980,-1.414,45.6256048450036
"1688","Italy",1981,0.781,52.8589272083825
"1689","Italy",1982,0.668,58.4786750426646
"1690","Italy",1983,0.913,64.3068582425684
"1691","Italy",1984,3.226,66.4556456169265
"1692","Italy",1985,2.798,61.9725457141383
"1693","Italy",1986,2.86,67.1018992978972
"1694","Italy",1987,3.192,70.8155818410231
"1695","Italy",1988,4.194,73.7074960652978
"1696","Italy",1989,3.388,76.6745765827491
"1697","Italy",1990,2.053,78.9842750391799
"1698","Italy",1991,1.534,81.9491201888037
"1699","Italy",1992,0.773,85.4432635479032
"1700","Italy",1993,-0.888,95.1402305432455
"1701","Italy",1994,2.152,104.801115635371
"1702","Italy",1995,2.827,104.288665976122
"1703","Italy",1996,1.095,103.77586721411
"1704","Italy",1997,1.872,101.150834687546
"1705","Italy",1998,1.401,99.743655266732
"1706","Italy",1999,1.464,97.8009741901711
"1707","Italy",2000,3.693,95.1171225630951
"1708","Italy",2001,1.818,91.7101669803388
"1709","Italy",2002,0.454,88.2419338650278
"1710","Italy",2003,-0.017,86.6571086232074
"1711","Italy",2004,1.532,85.1037347380222
"1712","Italy",2005,0.656,84.8582372611019
"1713","Italy",2006,2.036,84.621177745762
"1714","Italy",2007,1.564,83.4073997359087
"1715","Italy",2008,-1.04,86.2595723299242
"1716","Italy",2009,-5.145,97.135118206495
"1802","Japan",1956,6.20152665914178,10.6158752732907
"1803","Japan",1957,7.32824619996182,8.93583710157207
"1804","Japan",1958,6.39535957113628,9.32083582503488
"1805","Japan",1959,8.3429692811767,9.49918500716436
"1806","Japan",1960,11.2621178279494,8.37169341086966
"1807","Japan",1961,9.99769677522357,6.32454684146562
"1808","Japan",1962,6.71625365983657,5.83640572946811
"1809","Japan",1963,7.71374677256085,4.71690186834016
"1810","Japan",1964,9.23443470628904,4.56720591172359
"1811","Japan",1965,5.12189575615163,5.37504716120002
"1812","Japan",1966,9.70177571752924,6.97478124181294
"1813","Japan",1967,10.4644217220371,8.53647287644896
"1814","Japan",1968,10.5278072813931,9.0341539106256
"1815","Japan",1969,11.7832236773483,8.80517251630673
"1816","Japan",1970,10.133699674495,8.48913421383082
"1817","Japan",1971,4.73127613158759,9.42441695486938
"1818","Japan",1972,8.59311513210601,12.6677493441161
"1819","Japan",1973,8.19770618986535,11.6930896549272
"1820","Japan",1974,-1.59305581714351,11.7021416227168
"1821","Japan",1975,2.83806811128742,15.3682114517249
"1822","Japan",1976,4.00023176008617,19.6177976022525
"1823","Japan",1977,3.58950464093135,24.834265334928
"1824","Japan",1978,4.22294654498043,30.4983640241874
"1825","Japan",1979,6.8046807565769,35.0056430463965
"1826","Japan",1980,4.62659880715124,39.0617707155631
"1827","Japan",1981,4.17684395604396,40.9274460977366
"1828","Japan",1982,3.37660829649262,44.2762554278416
"1829","Japan",1983,3.0607380356708,48.0581688429471
"1830","Japan",1984,4.46389901590438,49.2488474999918
"1831","Japan",1985,6.33335688872323,50.2071874079167
"1832","Japan",1986,2.83107664083677,54.1692574820794
"1833","Japan",1987,4.10742706379599,55.8154435879349
"1834","Japan",1988,7.14669370734153,54.0401856496296
"1835","Japan",1989,5.37015251893587,50.7890586471746
"1836","Japan",1990,5.57239829949512,49.230105083783
"1837","Japan",1991,3.32434077482637,47.9655471409594
"1838","Japan",1992,0.819029858818543,49.8137325907611
"1839","Japan",1993,0.171062719635451,55.3201551316099
"1840","Japan",1994,0.863578243757668,59.9567980400862
"1841","Japan",1995,1.8816560884261,66.1185036913377
"1842","Japan",1996,2.63728736395086,70.4334254811983
"1843","Japan",1997,1.56356659319179,75.3317328126789
"1844","Japan",1998,-2.04886791034151,86.6714998524294
"1845","Japan",1999,-0.141010782108641,98.3403298441208
"1846","Japan",2000,2.86013943123504,106.480645738484
"1847","Japan",2001,0.18438948337951,122.018805754239
"1848","Japan",2002,0.262257029347435,130.913655681115
"1849","Japan",2003,1.4135402737087,136.677422118158
"1850","Japan",2004,2.74426209676633,150.725325488433
"1851","Japan",2005,1.93409253753054,162.074525545409
"1852","Japan",2006,2.0394692472756,164.036364353079
"1853","Japan",2007,2.33731652904197,162.46546660075
"1854","Japan",2008,-0.705249317140966,166.87808329605
"1855","Japan",2009,-5.36936455859048,181.511011155724
"2007","Netherlands",1957,2.81186469738164,46.3609805664931
"2008","Netherlands",1958,-0.296605122096483,47.0868910095429
"2009","Netherlands",1959,4.88883047992259,44.7822756466914
"2010","Netherlands",1960,8.41411046438783,41.1218894981021
"2011","Netherlands",1961,0.288926245009447,38.8891658772498
"2012","Netherlands",1962,6.84930071761563,35.1851851851852
"2013","Netherlands",1963,3.62083672408891,34.5932094811019
"2014","Netherlands",1964,8.28870427492761,29.770548939878
"2015","Netherlands",1965,5.23303566747637,28.2770500861312
"2016","Netherlands",1966,2.7558434010047,28.0689181522291
"2017","Netherlands",1967,5.26286019037769,29.382957884427
"2018","Netherlands",1968,6.41758849132934,28.9577658347444
"2019","Netherlands",1969,6.43813975632452,23.9137561953985
"2020","Netherlands",1970,5.69494144437215,23.3934223200771
"2021","Netherlands",1971,4.22173062742457,21.1767573661598
"2022","Netherlands",1972,3.30997483680839,19.1755858073466
"2023","Netherlands",1973,4.68797455916246,17.1088431332945
"2024","Netherlands",1974,3.96607334846495,16.6500863919577
"2025","Netherlands",1975,-0.0913751689346265,17.738737798689
"2026","Netherlands",1976,4.70875594207978,18.6906530046894
"2027","Netherlands",1977,2.71870456185863,19.3194660802101
"2028","Netherlands",1978,2.35854820970305,20.6618880153974
"2029","Netherlands",1979,2.22709726201846,22.6937478724611
"2030","Netherlands",1980,1.20583354825523,26.0700219635269
"2031","Netherlands",1981,-0.513749767944915,30.4992019177708
"2032","Netherlands",1982,-1.28309663182063,36.5552520373422
"2033","Netherlands",1983,1.75796178343948,42.7050170161379
"2034","Netherlands",1984,3.11919492141439,47.8232795955757
"2035","Netherlands",1985,2.65633321845922,51.4384170630874
"2036","Netherlands",1986,3.12472580922045,51.9223937829381
"2037","Netherlands",1987,1.85072837980809,54.128956826744
"2038","Netherlands",1988,2.98043431676287,56.8870867701651
"2039","Netherlands",1989,4.78459449450683,57.520964360587
"2040","Netherlands",1990,4.06461102453375,58.4247888619278
"2041","Netherlands",1991,2.40509481623794,59.2484028267725
"2042","Netherlands",1992,1.48951559158974,60.6442703173317
"2043","Netherlands",1993,0.651357331582281,61.227776110554
"2044","Netherlands",1994,2.86436915237676,58.048741465722
"2045","Netherlands",1995,3.0331904558653,58.9331752172731
"2046","Netherlands",1996,3.40600448688215,57.6691529452237
"2047","Netherlands",1997,4.27843544400934,53.9100097300993
"2048","Netherlands",1998,3.92352083372789,52.0051646508343
"2049","Netherlands",1999,4.68448579737009,49.1205174614765
"2050","Netherlands",2000,3.94093202656964,42.9945449325294
"2051","Netherlands",2001,1.92578237151881,40.247380681704
"2052","Netherlands",2002,0.0762894680628845,40.4330050256441
"2053","Netherlands",2003,0.335652328925207,42.5206260679953
"2054","Netherlands",2004,2.23650836323683,43.7514251278543
"2055","Netherlands",2005,2.04650014176873,42.948382082831
"2056","Netherlands",2006,3.39426640554628,39.1695173782339
"2057","Netherlands",2007,3.61311574886765,37.9837654572823
"2058","Netherlands",2008,1.99580842581708,50.2951082678982
"2059","Netherlands",2009,-4.17271616179016,50.4754848763113
"2137","New Zealand",1946,7.71131982204647,134.014453584019
"2138","New Zealand",1947,11.9320789352914,120.429771784232
"2139","New Zealand",1948,-9.92209922099221,117.20595959596
"2140","New Zealand",1949,10.7874374146564,111.486269196025
"2141","New Zealand",1950,14.6759487665158,87.6529119318182
"2142","New Zealand",1951,-7.63510163609321,91.7511309115833
"2143","New Zealand",1952,4.34782608695652,85.831609947644
"2144","New Zealand",1953,3.42078189300412,79.2638461538461
"2145","New Zealand",1954,13.7652325292216,75.2755993606819
"2146","New Zealand",1955,1.86359164936059,73.8437594744821
"2147","New Zealand",1956,5.18268147432803,70.7604427333975
"2148","New Zealand",1957,2.85641418005611,68.0556404494382
"2149","New Zealand",1958,3.92759732209274,67.3943127962085
"2150","New Zealand",1959,7.1193396001336,65.7979049153908
"2151","New Zealand",1960,0,62.8593970971343
"2152","New Zealand",1961,5.59044946322775,62.3911606180381
"2153","New Zealand",1962,2.15575430307122,60.2763587862621
"2154","New Zealand",1963,6.33491637414825,59.0982584784601
"2155","New Zealand",1964,4.87397568837624,56.331680133742
"2156","New Zealand",1965,6.36942675159236,55.1865359814289
"2157","New Zealand",1966,6.30831360534745,55.8545679623669
"2158","New Zealand",1967,-4.56510348441184,57.6608654076022
"2159","New Zealand",1968,-0.161279253311375,58.9848737601443
"2160","New Zealand",1969,10.3247980752707,54.0802493182704
"2161","New Zealand",1970,-1.41748964142185,49.3332133058985
"2162","New Zealand",1971,5.18581721653395,43.7439918533605
"2163","New Zealand",1972,4.28421210755596,39.982280723959
"2164","New Zealand",1973,7.10437613436663,37.7758452005653
"2165","New Zealand",1974,5.95260510530704,36.0475482912333
"2166","New Zealand",1975,-1.15003808073115,35.8159067535139
"2167","New Zealand",1976,2.43983871381976,39.3730941068009
"2168","New Zealand",1977,-4.87126131320982,41.9706078824315
"2169","New Zealand",1978,0.403225806451624,44.0971812713763
"2170","New Zealand",1979,2.03953067170644,44.5263955544329
"2171","New Zealand",1980,1.009,44.9765135699374
"2172","New Zealand",1981,2.961,41.629916460507
"2173","New Zealand",1982,2.878,45.7671368079213
"2174","New Zealand",1983,-0.124,53.7529779844427
"2175","New Zealand",1984,6.858,55.591419712296
"2176","New Zealand",1985,1.213,62.3647365399055
"2177","New Zealand",1986,1.81,57.2912190230626
"2178","New Zealand",1987,0.754,67.7775117708084
"2179","New Zealand",1988,-0.022,57.4385815310878
"2180","New Zealand",1989,0.846,55.2647324845196
"2181","New Zealand",1990,0.056,60.6176181102362
"2182","New Zealand",1991,-1.677,60.2377426785127
"2183","New Zealand",1992,0.771,62.0285463679132
"2184","New Zealand",1993,5.195,58.3360979026134
"2185","New Zealand",1994,5.859,52.9775556544461
"2186","New Zealand",1995,4.337,47.2018839648897
"2187","New Zealand",1996,4.019,42.3637978379151
"2188","New Zealand",1997,2.163,35.3988919394995
"2189","New Zealand",1998,-0.048,36.6492247874573
"2190","New Zealand",1999,4.329,33.4844352830653
"2191","New Zealand",2000,3.83,31.0950252791055
"2192","New Zealand",2001,2.614,29.4927954815314
"2193","New Zealand",2002,4.926,27.6338488313512
"2194","New Zealand",2003,4.135,25.7871343023339
"2195","New Zealand",2004,4.536,23.6931962173049
"2196","New Zealand",2005,2.813,22.271297384894
"2197","New Zealand",2006,1.954,21.3481590290654
"2198","New Zealand",2007,3.193,17.5250704668216
"2199","New Zealand",2008,0.194,17.7386166570323
"2200","New Zealand",2009,-2.175,24.2546978232533
"2318","Norway",1946,10.2012700697625,64.9935052885508
"2319","Norway",1947,13.5629733774774,53.1086939386774
"2320","Norway",1948,6.95151660376605,45.5286248561565
"2321","Norway",1949,2.66708986608539,45.4748480632643
"2322","Norway",1950,4.87008706326295,31.5318781927951
"2323","Norway",1951,5.4177667373313,26.343725019984
"2324","Norway",1952,3.52437038377391,23.7955817094347
"2325","Norway",1953,3.97165261744541,25.9615476133822
"2326","Norway",1954,5.04752953402716,26.1893065485328
"2327","Norway",1955,2.20773032955921,26.7011285937886
"2328","Norway",1956,5.33676377961161,26.8607530405651
"2329","Norway",1957,3.01577649403737,28.1465399343545
"2330","Norway",1958,0,28.4609853802171
"2331","Norway",1959,4.21529693018559,29.8979262226242
"2332","Norway",1960,5.62665399586522,29.4609474257366
"2333","Norway",1961,6.2677256369313,25.1066377882533
"2334","Norway",1962,2.81600511338311,24.2761555739449
"2335","Norway",1963,3.82434097874336,22.9756247125556
"2336","Norway",1964,4.97765125452359,22.0751380776414
"2337","Norway",1965,5.31050493325596,20.5058393637601
"2338","Norway",1966,3.78203361807661,22.2525609778446
"2339","Norway",1967,6.24741064582213,23.1021775544389
"2340","Norway",1968,2.24568539291954,23.0933333333333
"2341","Norway",1969,4.51282440271132,22.7937998789939
"2342","Norway",1970,1.98701264664198,23.6350889492595
"2343","Norway",1971,5.13049614827319,24.3005443016666
"2344","Norway",1972,5.09315929308372,26.0878401723472
"2345","Norway",1973,4.41316973151697,26.3929120623681
"2346","Norway",1974,4.19219855239348,26.1643413242889
"2347","Norway",1975,5.22786814878407,27.6270662129628
"2348","Norway",1976,5.86305574701056,29.4237562167197
"2349","Norway",1977,4.267506802234,34.8495290604181
"2350","Norway",1978,3.48768224598128,35.6426572701834
"2351","Norway",1979,4.48125501957206,38.6085296516063
"2352","Norway",1980,4.94943965889776,33.9700284081882
"2353","Norway",1981,1.5475053130301,29.8364590232993
"2354","Norway",1982,0.124993519921213,26.0019790322783
"2355","Norway",1983,3.866893713637,20.836349286882
"2356","Norway",1984,5.89410368083774,23.2228229480845
"2357","Norway",1985,5.35402951350146,25.7751180235758
"2358","Norway",1986,4.0375523145842,34.0315961134573
"2359","Norway",1987,1.78001352049946,26.5299012469757
"2360","Norway",1988,-0.172848825260929,25.5291968843979
"2361","Norway",1989,0.997558549031363,25.3569062234557
"2362","Norway",1990,1.9275140029591,22.3914327816976
"2363","Norway",1991,3.10462896148147,22.9411893617213
"2364","Norway",1992,3.5231049814781,27.2192636777982
"2365","Norway",1993,2.78663707893585,35.3532220680737
"2366","Norway",1994,5.05138434156795,33.022191473431
"2367","Norway",1995,4.18634907398121,30.8175320662641
"2368","Norway",1996,5.09976633590639,27.5736454370323
"2369","Norway",1997,5.39264034704545,24.6769063064029
"2370","Norway",1998,2.68278349077422,22.2463958749868
"2371","Norway",1999,2.02577059008238,20.8625234797611
"2372","Norway",2000,3.25356799462169,19.3019362156031
"2373","Norway",2001,1.99015413560657,18.1327876425769
"2374","Norway",2002,1.5020556300011,18.9926973001547
"2375","Norway",2003,1.01352403424735,21.3217218900385
"2376","Norway",2004,3.86412636417943,18.4019873324766
"2377","Norway",2005,2.73920744287439,17.1726661595707
"2378","Norway",2006,2.28088854199129,12.472992308654
"2379","Norway",2007,3.13409178573727,11.6528406620673
"2380","Norway",2008,2.13213029844797,13.7334793118604
"2381","Norway",2009,-1.90667609190309,21.653991277091
"2468","Portugal",1950,2.83729347889543,24.6483790523691
"2471","Portugal",1953,6.9785109615802,20.7926829268293
"2472","Portugal",1954,4.79862026985898,20.3128712871287
"2473","Portugal",1955,4.12391093901259,19.6704119850187
"2474","Portugal",1956,4.3650055782819,19.1951219512195
"2475","Portugal",1957,4.42741971404392,18.5241264559068
"2476","Portugal",1958,1.31371294519087,17.6228209191759
"2477","Portugal",1959,5.41405296173114,17.3135215453195
"2478","Portugal",1960,6.67758297056591,15.9427012278308
"2479","Portugal",1961,5.46216914379845,14.850443599493
"2480","Portugal",1962,6.63826766063187,13.9856972586412
"2481","Portugal",1963,5.93541944074567,16.2349066959385
"2482","Portugal",1964,6.5927159601546,15.5476673427992
"2483","Portugal",1965,7.44376639839628,14.7170154686078
"2484","Portugal",1966,4.06903363880811,14.578073089701
"2485","Portugal",1967,7.54831395502122,15.9910846953938
"2486","Portugal",1968,8.89635222592666,16.8927595628415
"2487","Portugal",1969,2.12286981382679,17.617445482866
"2488","Portugal",1970,9.11295300238075,16.9644839067703
"2489","Portugal",1971,6.6325912158067,16.0539871223378
"2490","Portugal",1972,8.01424755120215,14.1072340425532
"2491","Portugal",1973,11.2013471084528,11.801559177888
"2492","Portugal",1974,1.14358723598909,10.3097553787209
"2493","Portugal",1975,-4.34796169801316,10.2486744432662
"2494","Portugal",1976,6.8999250008152,9.11132437619962
"2495","Portugal",1977,5.60198883567702,7.42993737946065
"2496","Portugal",1978,2.81633183610392,6.81163157286373
"2497","Portugal",1979,5.6385115677984,6.3095770275904
"2498","Portugal",1980,4.59024241054213,7.98859908920098
"2499","Portugal",1981,1.5475053130301,10.0854683773665
"2500","Portugal",1982,0.124993519921213,11.3785053042299
"2501","Portugal",1983,3.866893713637,12.7093018203936
"2502","Portugal",1984,5.89410368083774,9.01268942689818
"2503","Portugal",1985,5.35402951350146,13.249885071823
"2504","Portugal",1986,4.0375523145842,14.0260084191387
"2505","Portugal",1987,1.78001352049946,15.8364792604963
"2506","Portugal",1988,-0.172848825260929,18.4203008816018
"2507","Portugal",1989,0.997558549031363,21.2202551515463
"2508","Portugal",1990,1.9275140029591,23.8194764206321
"2509","Portugal",1991,3.10462896148147,25.2796306614662
"2510","Portugal",1992,3.5231049814781,29.5693075522632
"2511","Portugal",1993,2.78663707893585,33.5545944739876
"2512","Portugal",1994,5.05138434156795,35.4400005473154
"2513","Portugal",1995,4.18634907398121,35.8896285936679
"2514","Portugal",1996,5.09976633590639,39.170436562236
"2515","Portugal",1997,5.39264034704545,39.4328445879042
"2516","Portugal",1998,2.68278349077422,32.9337774152148
"2517","Portugal",1999,2.02577059008238,29.3507327407343
"2518","Portugal",2000,3.25356799462169,54.122458493498
"2519","Portugal",2001,1.99015413560657,56.0290855940854
"2520","Portugal",2002,1.5020556300011,58.6815349173767
"2521","Portugal",2003,1.01352403424735,60.1643792123075
"2522","Portugal",2004,3.86412636417943,62.9572810279751
"2523","Portugal",2005,2.73920744287439,68.2371717496848
"2524","Portugal",2006,2.28088854199129,69.8359237291407
"2525","Portugal",2007,3.13409178573727,69.1290729812047
"2526","Portugal",2008,2.13213029844797,71.2651899800274
"2527","Portugal",2009,-1.90667609190309,80.1014511766213
"2624","Spain",1946,4.15624967234915,61.1992977082494
"2625","Spain",1947,1.98401483773321,55.1080753392524
"2626","Spain",1948,0.281950434878975,55.609531530894
"2627","Spain",1949,-0.0167943029228068,53.8783672724881
"2628","Spain",1950,2.05700261996127,46.2219432397813
"2629","Spain",1951,9.20574778263028,39.9616507171476
"2630","Spain",1952,8.56533804515442,38.9038378036674
"2631","Spain",1953,-0.0287254646297752,40.2998530928489
"2632","Spain",1954,7.09763246005666,37.9393484675048
"2633","Spain",1955,3.31861682539647,38.8725551357856
"2634","Spain",1956,8.18399792162126,35.2901897515051
"2635","Spain",1957,3.28342653164513,34.0512330166791
"2636","Spain",1958,6.27504749911987,30.0156438026474
"2659","Spain",1981,-0.407986506814972,10.3996583828247
"2660","Spain",1982,1.23878181550685,11.583411507192
"2661","Spain",1983,1.65248955285577,12.9976399914182
"2662","Spain",1984,1.69805985938984,17.7343610374894
"2663","Spain",1985,2.36164390408478,30.3881375420921
"2664","Spain",1986,3.43204873106362,35.2351260222871
"2665","Spain",1987,5.70898318787214,36.2503675586089
"2666","Spain",1988,5.28454717239184,36.6836982150489
"2667","Spain",1989,5.00392360632442,33.0671374911881
"2668","Spain",1990,3.84645487390143,34.4816640920922
"2669","Spain",1991,2.52556441064491,35.989719929478
"2670","Spain",1992,0.850600661130363,36.1146492665431
"2671","Spain",1993,-1.31369492274666,39.4059571171948
"2672","Spain",1994,2.33451353579444,48.6878002205627
"2673","Spain",1995,4.12223515715948,48.767550031112
"2674","Spain",1996,2.421260942968,52.1624041764118
"2675","Spain",1997,3.86544200963685,55.7744372380596
"2676","Spain",1998,4.46884629775213,55.7152386633215
"2677","Spain",1999,4.74529072551599,50.8218063185629
"2678","Spain",2000,5.05280628219953,48.4400956426127
"2679","Spain",2001,3.64500096912337,45.0906302245702
"2680","Spain",2002,2.70385660350729,42.7809151323494
"2681","Spain",2003,3.09767652788133,39.4844232363343
"2682","Spain",2004,3.26652548656317,37.9474509001929
"2683","Spain",2005,3.61545312560505,35.1193672479511
"2684","Spain",2006,4.01733437974936,31.7445981037993
"2685","Spain",2007,3.56531749679263,29.1782318353234
"2686","Spain",2008,0.855729994059029,32.9283417547083
"2687","Spain",2009,-3.76723274289228,42.5426803651224
"2835","Sweden",1946,11.3994033107838,47.2433714921531
"2836","Sweden",1947,7.93664476293074,42.214742722963
"2837","Sweden",1948,2.31577956591134,39.8391700173491
"2838","Sweden",1949,2.94912600006287,39.262870901928
"2839","Sweden",1950,6.00784690253133,38.8698309736169
"2840","Sweden",1951,2.97712848423071,32.3870381127977
"2841","Sweden",1952,0.563609787361741,29.4492458119975
"2842","Sweden",1953,4.03442310043955,31.1722213470756
"2843","Sweden",1954,5.27826336304087,31.8513504938768
"2844","Sweden",1955,2.81078660502718,31.6386959686781
"2845","Sweden",1956,3.49410087993678,30.7126952806792
"2846","Sweden",1957,3.08230437820629,32.3847158387463
"2847","Sweden",1958,3.63923777369586,31.8794263598259
"2848","Sweden",1959,4.70046535455211,32.8658766699374
"2849","Sweden",1960,5.62295589102586,31.5544407644018
"2850","Sweden",1961,5.09151889602892,28.5423193499911
"2851","Sweden",1962,6.04755533769636,25.0305178646885
"2852","Sweden",1963,5.27072680270366,23.6443350511499
"2853","Sweden",1964,8.0303933007581,21.4456003467707
"2854","Sweden",1965,5.10999792918276,19.2649376701533
"2855","Sweden",1966,4.37493744547561,19.0812139750199
"2856","Sweden",1967,3.20853761174034,19.5190283646056
"2857","Sweden",1968,4.40583841112201,21.0078272296178
"2858","Sweden",1969,5.61929389650149,26.256351600965
"2859","Sweden",1970,5.59010373351871,20.9927653199865
"2860","Sweden",1971,0.301218113903712,20.8286120881776
"2861","Sweden",1972,3.30216387054647,22.1517682741291
"2862","Sweden",1973,3.95068381723811,22.61890061038
"2863","Sweden",1974,2.23094606806464,24.2122072253218
"2864","Sweden",1975,2.08907132471354,24.4250876872184
"2865","Sweden",1976,0.447403700780002,23.636598794228
"2866","Sweden",1977,-1.42106900449239,26.4802062613509
"2867","Sweden",1978,2.21634933001982,31.8038550127288
"2868","Sweden",1979,3.95618944884235,37.88499849667
"2869","Sweden",1980,2.5989449667656,41.8512489495626
"2870","Sweden",1981,-0.202241958105964,49.3121753143841
"2871","Sweden",1982,1.19311671732401,57.4758071768359
"2872","Sweden",1983,1.80975934519181,62.5060781645166
"2873","Sweden",1984,4.27129379251117,64.7151247524561
"2874","Sweden",1985,2.18966325766399,66.206429757467
"2875","Sweden",1986,2.86106747740382,64.0218906017987
"2876","Sweden",1987,3.45713548559716,58.2613499115227
"2877","Sweden",1988,2.66643113865095,52.3338023818513
"2878","Sweden",1989,2.77913350141807,46.396582386144
"2879","Sweden",1990,1.01028834275949,43.517749855778
"2880","Sweden",1991,-1.12128668229019,45.2177828240315
"2881","Sweden",1992,-1.20351128195971,57.5920961435353
"2882","Sweden",1993,-2.0577861113298,71.9640519137144
"2883","Sweden",1994,3.94685746955965,76.6204933360331
"2884","Sweden",1995,3.97305660204739,76.5938577490938
"2885","Sweden",1996,1.46052038207654,76.1946233714344
"2886","Sweden",1997,2.46028157031823,74.3163466528282
"2887","Sweden",1998,3.81394552082206,72.0076636730961
"2888","Sweden",1999,4.59540284999616,64.6986068541458
"2889","Sweden",2000,4.39893243354854,56.8538082391477
"2890","Sweden",2001,1.05773944471679,49.7307603022982
"2891","Sweden",2002,2.41130871594777,47.9324261802079
"2892","Sweden",2003,1.91259693534438,48.8535673816671
"2893","Sweden",2004,4.12704459176849,47.8988632207729
"2894","Sweden",2005,3.29833935766051,47.8415630186969
"2895","Sweden",2006,4.24645958606078,43.7796944970163
"2896","Sweden",2007,2.55972208860455,38.1216565977016
"2897","Sweden",2008,-0.155069095887073,35.442493854692
"2898","Sweden",2009,-4.82778286262043,35.2432812784664
"3016","UK",1946,-2.45831022563576,247.481942215088
"3017","UK",1947,-1.27622446388918,237.940958039361
"3018","UK",1948,2.92411005346198,213.971939201603
"3019","UK",1949,3.3147168642687,197.768348263398
"3020","UK",1950,3.18145897484807,193.883378418996
"3021","UK",1951,2.72781893330165,175.338203463203
"3022","UK",1952,0.0523814267672229,161.990865294375
"3023","UK",1953,3.8362957776336,152.158168331289
"3024","UK",1954,4.11183905272732,146.656736180073
"3025","UK",1955,3.45773206290352,138.193945613135
"3026","UK",1956,0.928156867700314,129.027486161481
"3027","UK",1957,1.65884666053966,122.180502148835
"3028","UK",1958,0.319358260631053,118.1431670282
"3029","UK",1959,4.28101110429107,112.43633974043
"3030","UK",1960,5.33010134737428,106.759825999923
"3031","UK",1961,2.33333163993639,103.060591690074
"3032","UK",1962,1.0812367203479,99.871129532235
"3033","UK",1963,4.29857475419175,98.1551514354303
"3034","UK",1964,5.48038414721719,90.9654508246058
"3035","UK",1965,2.22695921966027,84.8222246990638
"3036","UK",1966,1.92516381469343,82.0681348032156
"3037","UK",1967,2.46377494623011,79.4071646682059
"3038","UK",1968,4.19815807904997,78.3260032985157
"3039","UK",1969,2.0745006370577,72.2710163111669
"3040","UK",1970,2.2442424575998,63.9875425564841
"3041","UK",1971,2.09327855331536,57.9885555748223
"3042","UK",1972,3.65554423581387,55.4618467680785
"3043","UK",1973,7.195866586973,49.4801797571936
"3044","UK",1974,-1.3129395813914,47.477902807852
"3045","UK",1975,-0.622184670180304,42.4112371974475
"3046","UK",1976,2.63496232805696,44.8112833995914
"3047","UK",1977,2.37469861666735,45.6995502575303
"3048","UK",1978,3.22959975790749,46.7568972033258
"3049","UK",1979,2.68007500768717,43.6125890974802
"3050","UK",1980,-2.08179788391148,40.8750171538356
"3051","UK",1981,-1.32345810475475,44.1066181778452
"3052","UK",1982,2.09306881722502,42.1280744705079
"3053","UK",1983,3.62434644737919,41.641954773166
"3054","UK",1984,2.67092492691234,43.343245037328
"3055","UK",1985,3.5993814256188,43.6836227533323
"3056","UK",1986,4.01232982275881,44.036345975449
"3057","UK",1987,4.56208084998957,43.3471358753339
"3058","UK",1988,5.03210179148073,41.2593258239117
"3059","UK",1989,2.28144672355917,37.5651564707181
"3060","UK",1990,0.779266146260205,33.8395147672296
"3061","UK",1991,-1.39243896792991,33.1910721205885
"3062","UK",1992,0.146630449478247,34.4855967078189
"3063","UK",1993,2.2222549499695,38.037377177482
"3064","UK",1994,4.28017432855892,44.2823602751567
"3065","UK",1995,3.04273740443952,47.6175085166911
"3066","UK",1996,2.87925648165115,49.9769740292635
"3067","UK",1997,3.30717007853321,50.5419868111322
"3068","UK",1998,3.60573081807554,47.5974346549092
"3069","UK",1999,3.47324115733441,45.3987703638302
"3070","UK",2000,3.91503674974381,43.6482945276811
"3071","UK",2001,2.46183202504959,41.6856848706436
"3072","UK",2002,2.09653279545381,40.401500979951
"3073","UK",2003,2.81802206208706,39.3075299233338
"3074","UK",2004,2.75780744130709,41.3268105340161
"3075","UK",2005,2.05758646422662,38.5946445943575
"3076","UK",2006,2.83783829006856,40.0512897872982
"3077","UK",2007,3.02238210993202,41.0328262610088
"3078","UK",2008,0.70691524518951,42.451819017917
"3237","US",1946,-10.9421586165772,121.252069834833
"3238","US",1947,-0.898337239147429,105.811709589922
"3239","US",1948,4.39727492821351,93.754086403939
"3240","US",1949,-0.512350339769174,94.5996855763473
"3241","US",1950,8.74396920908549,87.6259286179775
"3242","US",1951,7.73180458624128,75.2201523180077
"3243","US",1952,3.83138216648931,72.3151489771141
"3244","US",1953,4.60359196042603,70.1479202844714
"3245","US",1954,-0.630538513974088,71.3090428780231
"3246","US",1955,7.19859372320357,66.1620985780082
"3247","US",1956,1.97576290845096,62.3572962160494
"3248","US",1957,2.01592344197357,58.6699570366515
"3249","US",1958,-0.903463919111147,59.1488051682363
"3250","US",1959,7.17333954065797,56.1993499956573
"3251","US",1960,2.47601809954752,54.3941414984803
"3252","US",1961,2.33141403793846,53.0416553983113
"3253","US",1962,6.05820014498257,50.9135773810825
"3254","US",1963,4.3711756281734,49.5078719643898
"3255","US",1964,5.78788162285218,46.9730107379445
"3256","US",1965,6.42042272204697,44.1209705164789
"3257","US",1966,6.51505498462648,40.6128078957725
"3258","US",1967,2.52776116297817,39.1904057898847
"3259","US",1968,4.84210526315789,38.2038257227962
"3260","US",1969,3.10640150965309,35.9325735311865
"3261","US",1970,0.190060537800907,35.7236547192526
"3262","US",1971,3.3583924682077,35.3327781732339
"3263","US",1972,5.31121836267645,34.514941509088
"3264","US",1973,5.79426382942101,33.1434280049193
"3265","US",1974,-0.551149074639012,31.6812147870624
"3266","US",1975,-0.212683285956761,32.557183855407
"3267","US",1976,5.36530382211293,34.0037816507728
"3268","US",1977,4.59805885670939,34.4239200039407
"3269","US",1978,5.57673354779926,33.6360624291569
"3270","US",1979,3.1245596731013,32.2581765670127
"3271","US",1980,-0.273270708795903,32.5562569491769
"3272","US",1981,2.5381058400411,31.9129781246002
"3273","US",1982,-1.9424772848744,35.1049428255256
"3274","US",1983,4.51889829498033,38.9636734001019
"3275","US",1984,7.1852286431342,39.9976086901219
"3276","US",1985,4.13860211947514,43.2271013633669
"3277","US",1986,3.46312761888077,47.651456618865
"3278","US",1987,3.20045156283073,49.6215879349928
"3279","US",1988,4.11031955478374,51.0222279044977
"3280","US",1989,3.57241361194658,52.1229266191241
"3281","US",1990,1.87676739497078,55.74197830837
"3282","US",1991,-0.234008389449702,61.1689282838571
"3283","US",1992,3.39359459021098,64.0874864878987
"3284","US",1993,2.85141967636446,66.165055091025
"3285","US",1994,4.07466503977287,66.2331325864196
"3286","US",1995,2.5138940557115,67.0827262156122
"3287","US",1996,3.74105149719035,66.6557496859858
"3288","US",1997,4.45626941137811,64.9650282199246
"3289","US",1998,4.35545903818639,62.8440667413203
"3290","US",1999,4.82617785773325,60.4722392859892
"3291","US",2000,4.13922336221453,57.0183209555042
"3292","US",2001,1.07963655799039,56.4587837316016
"3293","US",2002,1.81366328257191,58.5234015729401
"3294","US",2003,2.49026226954039,60.8792872326043
"3295","US",2004,3.57326847230315,62.1770900784476
"3296","US",2005,3.05451817544318,62.7667241242879
"3297","US",2006,2.67280668439043,63.4899732569217
"3298","US",2007,2.14161310707295,63.9854876346549
"3299","US",2008,0.438166303257104,74.0910609583196
"3300","US",2009,-2.73016993842103,83.4828347084133
